tdate,day,y,group,mk,d_elo,d_selo,d_lrank,d_lpts,d_rmiss,d_form10,d_form25,d_fexp10,d_lexp,d_lsexp,d_h2h,d_age,d_ht,d_htmiss,d_lefty,d_m7,d_m14,d_min14,d_rest,d_surfwr,d_spw,d_rpw,d_ace,d_df,d_bps,d_lstat,d_avglvl,d_gelo,d_gselo,d_fexpt,d_form60,d_inact,d_rd,d_dom,lvl_code,is_qual,best_of,surface,gender,m_elo,m_lrank,eloA,eloB,ageA,ageB,lrankA,lrankB,h2h_n
20260928,20729,0,chall,20729|a208361|a208046,-182.067,-215.442,-0.764323,-0.827841,0,-0.166667,-0.222222,-0.0507468,0.110542,0.249099,0,-0.914,-11,0,0,1,3,2.9,0,-0.110621,-0.071205,-0.006183,-0.026634,-0.018265,-0.046956,0.0840831,-0.1,-169.731,-197.88,0.0654255,0.075,0,-2.27688,-0.077388,3,0,3,1,0,1982.19,5.18618,1891.16,2073.23,23.666,24.58,5.56834,4.80402,6
20260928,20729,0,chall,20729|aTS0NV|a106283,-57.4794,-45.3508,-0.0963606,-0.0906544,0,-0.166667,-0.134259,-0.224825,3.57503,3.49651,0,9.842,8,0,-1,1,1,1.69,-1,-0.0694931,-0.003487,0.003884,0.001227,-0.017002,-0.001231,3.31181,-0.6,-106.083,-77.5622,-0.177397,-0.0795455,-0.693147,-111.042,0.000397,3,0,3,0,0,1934.59,5.89462,1905.85,1963.33,32.709,22.867,5.9428,5.84644,0
20261003,20729,0,itf,20729|a213771|a211738,-17.6596,-16.806,-0.0808916,-0.405465,0,-0.0833333,-0.0652174,-0.0875828,0.693147,0.546544,0,2.9076,0,0,0,0,0,0,0,-0.0563636,-0.036304,-0.020619,-0.003736,0.053857,-0.157608,0,0.1,-103.191,-87.0802,0.0531284,0,0,-48.4871,-0.056923,0,0,3,0,0,1608.56,7.49111,1599.73,1617.39,22.6283,19.7207,7.53155,7.45066,0
20261003,20729,1,itf,20729|w206292|w248665,273.572,255.688,-0.548566,-1.48539,0,0.166667,-0.0740741,-0.0557655,2.13196,1.92112,0,9.97399,0,-1,0,1,4,4,0,-0.0102595,0.045469,-0.002869,0.009666,0.002032,-0.034299,4.78749,0.3,411.315,401.955,-0.225042,-0.1,0,-64.5603,0.0426,0,0,3,0,1,1859.08,6.79048,1995.87,1722.29,31.0609,21.0869,7.06476,6.51619,0
20261003,20729,0,itf,20729|w260225|w221473,-124.162,41.5532,-0.00854706,-0.126294,0,-0.166667,-0.148148,0.0775988,1.26257,2.19722,0,1.46749,0,0,0,0,0,0,0,-0.0253121,-0.012406,-0.039318,0.007549,-0.040691,0.013877,-0.875469,0.6,-71.2025,5.9964,0.041599,0,0,-44.728,-0.051724,0,0,3,0,1,1754.35,6.55392,1692.27,1816.43,22.13,20.6626,6.5582,6.54965,0
20261003,20729,1,itf,20729|w204419|w237454,170.508,162.76,0.884975,1.26534,0,-0.0833333,-0.037037,-0.0860927,1.98625,2.62514,0,11.4579,0,0,1,0,3,3,0,0.0136258,-0.020637,-0.030173,-0.003297,-0.047099,-0.082595,0.717053,0.5,176.849,249.632,-0.139494,-0.05,0,-30.1809,-0.05081,0,0,3,0,1,1779.47,5.97588,1864.72,1694.22,32.4736,21.0157,5.53339,6.41836,0
20261004,20730,0,tour,20730|a144719|a208021,-98.3326,-121.361,-0.295464,-0.250336,0,-0.166667,0.037037,-0.0218875,-0.607714,-0.111974,0,-4.016,-8,0,0,2,2,1.14,0,0.0901206,0.013573,-0.038187,0.017577,0.011551,0.041131,-0.797946,0.2,-88.2627,-158.929,0.0441057,-0.0844156,0,0,-0.024614,4,1,3,0,0,2193.18,4.30662,2144.01,2242.34,25.399,29.415,4.45435,4.15888,0
20261004,20730,0,chall,20730|a144932|a211897,129.915,123.741,0.512349,1.28093,0,0.166667,0.185185,0.106215,-1.15463,-0.845339,0,-7.74538,-10,0,0,1,0,0,-8,-0.0109906,0.027383,0.066086,-0.027555,0.0164,0.012782,0.485508,1.5,189.677,190.099,0.0904354,0.0666667,-0.76214,24.9206,0.093469,3,1,3,0,0,1538.31,6.74234,1603.26,1473.35,20.5558,28.3012,6.48616,6.99851,0
20261004,20730,1,chall,20730|a200441|a208055,-196.131,-200.176,0.0499272,0.265703,0,0,0,0.0719641,0.0529535,-0.179528,0,0.837782,10,0,0,0,0,0,-11,-0.159133,-0.052222,-0.017333,-0.034067,-0.008439,-0.055775,0.195745,0.8,-161.108,-129.574,-0.041045,-0.25,-2.14593,-89.2636,-0.069555,3,1,3,0,0,1529.83,6.80375,1431.76,1627.89,28.5476,27.7098,6.77878,6.82871,0
20261004,20730,0,chall,20730|a208230|a212460,-406.309,-373.073,-0.979056,-2.38647,0,-0.333333,-0.148148,0.00212531,-2.44934,-2.33981,0,0.295688,0,1,0,-1,-5,-5,23,-0.19315,-0.068954,0.019035,-0.074888,0.00559,-0.085216,-2.15176,-0.9,-353.292,-330.43,-0.0337139,-0.357143,2.74887,132.008,-0.049919,3,1,3,0,0,1710.69,6.69206,1507.53,1913.84,24.4271,24.1314,7.18159,6.20254,0
20261004,20730,1,itf,20730|w201483|w264075,80.6022,99.8774,0.245303,0.297632,0,0.25,0.185185,0.0887828,2.8381,2.71239,0,18.8802,0,-1,0,0,3,3,0,-0.0657565,-0.016888,0.069744,-0.013805,-0.030934,-0.086232,2.50844,-0.9,81.0138,132.643,-0.15113,-0.0357143,0,-55.2185,0.052856,2,0,3,0,1,2010.68,5.60745,2050.98,1970.38,36.5038,17.6235,5.4848,5.7301,0
20261004,20730,0,itf,20730|w220997|w222986,20.0554,21.1279,0.493007,0.81971,0,-0.25,0.037037,-0.18512,-0.399215,-0.403514,0,-4.49008,0,0,0,-1,-1,-1,1,0.0169535,-0.000332,-0.006027,0.011215,-0.013935,-0.079757,0.239673,0.7,35.8943,51.3178,-0.137014,-0.0333333,0.405465,10.3801,-0.006359,1,0,3,0,1,1776.99,6.28437,1787.01,1766.96,21.2047,25.6947,6.03787,6.53088,0
